{"cameraMode":{"drawMode":0,"name":"Shaded","section":"Shading Mode"},"sceneLighting":false,"audioPlay":false,"sceneViewState":{"showFog":true,"showMaterialUpdate":false,"showSkybox":false,"showFlares":true,"showImageEffects":true,"showParticleSystems":true,"showVisualEffectGraphs":true,"m_FxEnabled":true},"in2DMode":false,"pivot":{"x":3.524763584136963,"y":0.9152175188064575,"z":3.677999973297119},"rotation":{"x":0.053708773106336597,"y":0.462242990732193,"z":-0.027999883517622949,"w":0.8847276568412781},"size":0.16600316762924195,"orthographic":false}