{"cameraMode":{"drawMode":0,"name":"Shaded","section":"Shading Mode"},"sceneLighting":false,"audioPlay":false,"sceneViewState":{"showFog":true,"showMaterialUpdate":false,"showSkybox":false,"showFlares":true,"showImageEffects":true,"showParticleSystems":true,"showVisualEffectGraphs":true,"m_FxEnabled":true},"in2DMode":false,"pivot":{"x":0.07357969880104065,"y":0.4496934413909912,"z":0.2640496790409088},"rotation":{"x":-0.025220584124326707,"y":0.6444782614707947,"z":-0.02127315290272236,"w":-0.7639175057411194},"size":0.152018204331398,"orthographic":false}