{"cameraMode":{"drawMode":0,"name":"Shaded","section":"Shading Mode"},"sceneLighting":false,"audioPlay":false,"sceneViewState":{"showFog":true,"showMaterialUpdate":false,"showSkybox":false,"showFlares":true,"showImageEffects":true,"showParticleSystems":true,"showVisualEffectGraphs":true,"m_FxEnabled":true},"in2DMode":false,"pivot":{"x":0.10755224525928498,"y":0.07815361022949219,"z":0.04559311270713806},"rotation":{"x":-0.01404288038611412,"y":-0.8953145742416382,"z":0.028193242847919465,"w":-0.4444572925567627},"size":0.4401543140411377,"orthographic":true}