{"cameraMode":{"drawMode":0,"name":"Shaded","section":"Shading Mode"},"sceneLighting":false,"audioPlay":false,"sceneViewState":{"showFog":true,"showMaterialUpdate":false,"showSkybox":false,"showFlares":true,"showImageEffects":true,"showParticleSystems":true,"showVisualEffectGraphs":true,"m_FxEnabled":true},"in2DMode":false,"pivot":{"x":-0.014390731230378151,"y":0.1718408316373825,"z":-0.01706620864570141},"rotation":{"x":0.653421938419342,"y":0.04124496877193451,"z":-0.03568180277943611,"w":0.7550013065338135},"size":0.030390534549951555,"orthographic":false}