{"cameraMode":{"drawMode":0,"name":"Shaded","section":"Shading Mode"},"sceneLighting":true,"audioPlay":false,"sceneViewState":{"showFog":true,"showMaterialUpdate":false,"showSkybox":true,"showFlares":true,"showImageEffects":true,"showParticleSystems":true,"showVisualEffectGraphs":true,"m_FxEnabled":true},"in2DMode":false,"pivot":{"x":3.290022850036621,"y":1.0740916728973389,"z":0.3296014070510864},"rotation":{"x":0.020387817174196245,"y":0.9746149778366089,"z":-0.0982772633433342,"w":0.20203925669193269},"size":0.035028744488954547,"orthographic":false}