{"cameraMode":{"drawMode":0,"name":"Shaded","section":"Shading Mode"},"sceneLighting":false,"audioPlay":false,"sceneViewState":{"showFog":true,"showMaterialUpdate":false,"showSkybox":false,"showFlares":true,"showImageEffects":true,"showParticleSystems":true,"showVisualEffectGraphs":true,"m_FxEnabled":true},"in2DMode":false,"pivot":{"x":3.85310959815979,"y":0.7164565324783325,"z":4.226569175720215},"rotation":{"x":-0.03540109097957611,"y":-0.006873935926705599,"z":-0.0007055642199702561,"w":-0.9994753003120422},"size":1.9860929250717164,"orthographic":false}