{"cameraMode":{"drawMode":0,"name":"Shaded","section":"Shading Mode"},"sceneLighting":false,"audioPlay":false,"sceneViewState":{"showFog":true,"showMaterialUpdate":false,"showSkybox":false,"showFlares":true,"showImageEffects":true,"showParticleSystems":true},"in2DMode":false,"pivot":{"x":0.0,"y":0.41999995708465578,"z":0.28999996185302737},"rotation":{"x":-0.025882385671138765,"y":0.9669646620750427,"z":0.22895939648151399,"w":0.10924219340085983},"size":0.45092856884002688,"orthographic":false}