{"cameraMode":{"drawMode":0,"name":"Shaded","section":"Shading Mode"},"sceneLighting":false,"audioPlay":false,"sceneViewState":{"showFog":true,"showMaterialUpdate":false,"showSkybox":false,"showFlares":true,"showImageEffects":true,"showParticleSystems":true},"in2DMode":false,"pivot":{"x":36.16124725341797,"y":-5.49875020980835,"z":-16.161251068115236},"rotation":{"x":-0.12844517827033997,"y":0.7709705829620361,"z":-0.16457244753837586,"w":-0.6016934514045715},"size":91.9535903930664,"orthographic":false}