{"cameraMode":{"drawMode":0,"name":"Shaded","section":"Shading Mode"},"sceneLighting":false,"audioPlay":false,"sceneViewState":{"showFog":true,"showMaterialUpdate":false,"showSkybox":false,"showFlares":true,"showImageEffects":true,"showParticleSystems":true},"in2DMode":false,"pivot":{"x":-0.1820034384727478,"y":1.4139726161956788,"z":-4.550876140594482},"rotation":{"x":-0.13277806341648103,"y":0.4853328764438629,"z":-0.0748179629445076,"w":-0.8609776496887207},"size":0.9316651225090027,"orthographic":false}