{"cameraMode":{"drawMode":0,"name":"Shaded","section":"Shading Mode"},"sceneLighting":false,"audioPlay":false,"sceneViewState":{"showFog":true,"showMaterialUpdate":false,"showSkybox":false,"showFlares":true,"showImageEffects":true,"showParticleSystems":true},"in2DMode":false,"pivot":{"x":-0.4397231340408325,"y":0.8836626410484314,"z":-1.0929570198059083},"rotation":{"x":0.14072832465171815,"y":0.8081995844841003,"z":-0.2145666778087616,"w":0.5300862789154053},"size":0.19989754259586335,"orthographic":false}