{"cameraMode":{"drawMode":0,"name":"Shaded","section":"Shading Mode"},"sceneLighting":true,"audioPlay":false,"sceneViewState":{"showFog":true,"showMaterialUpdate":false,"showSkybox":false,"showFlares":true,"showImageEffects":true,"showParticleSystems":true},"in2DMode":false,"pivot":{"x":0.0,"y":-0.24099993705749513,"z":12.162498474121094},"rotation":{"x":-0.13061895966529847,"y":-0.690305769443512,"z":0.12882278859615327,"w":-0.699905276298523},"size":14.241670608520508,"orthographic":false}