{"cameraMode":{"drawMode":0,"name":"Shaded","section":"Shading Mode"},"sceneLighting":false,"audioPlay":false,"sceneViewState":{"showFog":true,"showMaterialUpdate":false,"showSkybox":false,"showFlares":true,"showImageEffects":true,"showParticleSystems":true,"showVisualEffectGraphs":true,"m_FxEnabled":true},"in2DMode":false,"pivot":{"x":0.10114094614982605,"y":0.043528396636247638,"z":0.05321013182401657},"rotation":{"x":0.25043150782585146,"y":0.3265237808227539,"z":-0.09012478590011597,"w":0.9069552421569824},"size":0.2015850841999054,"orthographic":false}