{"cameraMode":{"drawMode":0,"name":"Shaded","section":"Shading Mode"},"sceneLighting":false,"audioPlay":false,"sceneViewState":{"showFog":true,"showMaterialUpdate":false,"showSkybox":false,"showFlares":true,"showImageEffects":true,"showParticleSystems":true,"showVisualEffectGraphs":true,"m_FxEnabled":true},"in2DMode":false,"pivot":{"x":-0.4397231340408325,"y":0.8836626410484314,"z":-1.0929570198059083},"rotation":{"x":-0.10305462777614594,"y":-0.8537994027137756,"z":0.18461991846561433,"w":-0.4761679768562317},"size":0.19989754259586335,"orthographic":false}