{"cameraMode":{"drawMode":0,"name":"Shaded","section":"Shading Mode"},"sceneLighting":false,"audioPlay":false,"sceneViewState":{"showFog":true,"showMaterialUpdate":false,"showSkybox":false,"showFlares":true,"showImageEffects":true,"showParticleSystems":true,"showVisualEffectGraphs":true,"m_FxEnabled":true},"in2DMode":false,"pivot":{"x":1.5568660497665406,"y":-0.008815452456474305,"z":-0.16537630558013917},"rotation":{"x":0.033920999616384509,"y":-0.9415339827537537,"z":0.1017066240310669,"w":0.31999993324279787},"size":0.20167112350463868,"orthographic":false}