{"cameraMode":{"drawMode":0,"name":"Shaded","section":"Shading Mode"},"sceneLighting":false,"audioPlay":false,"sceneViewState":{"showFog":true,"showMaterialUpdate":false,"showSkybox":false,"showFlares":true,"showImageEffects":true,"showParticleSystems":true,"showVisualEffectGraphs":true,"m_FxEnabled":true},"in2DMode":false,"pivot":{"x":-0.04988225921988487,"y":0.4032747745513916,"z":0.291494756937027},"rotation":{"x":0.038142599165439609,"y":-0.6625546813011169,"z":0.03381796553730965,"w":0.7472554445266724},"size":0.04994915798306465,"orthographic":false}