{"cameraMode":{"drawMode":0,"name":"Shaded","section":"Shading Mode"},"sceneLighting":false,"audioPlay":false,"sceneViewState":{"showFog":true,"showMaterialUpdate":false,"showSkybox":false,"showFlares":true,"showImageEffects":true,"showParticleSystems":true,"showVisualEffectGraphs":true,"m_FxEnabled":true},"in2DMode":false,"pivot":{"x":0.006333683617413044,"y":0.39919760823249819,"z":0.23276275396347047},"rotation":{"x":0.04981210082769394,"y":-0.5556751489639282,"z":0.03337882459163666,"w":0.8292151689529419},"size":0.04994915798306465,"orthographic":false}