{"cameraMode":{"drawMode":0,"name":"Shaded","section":"Shading Mode"},"sceneLighting":false,"audioPlay":false,"sceneViewState":{"showFog":true,"showMaterialUpdate":false,"showSkybox":false,"showFlares":true,"showImageEffects":true,"showParticleSystems":true,"showVisualEffectGraphs":true,"m_FxEnabled":true},"in2DMode":false,"pivot":{"x":-0.12211811542510987,"y":1.118272066116333,"z":-4.607733726501465},"rotation":{"x":-0.030503159388899804,"y":-0.8794764280319214,"z":0.05678528919816017,"w":-0.47168487310409548},"size":0.2458580881357193,"orthographic":true}