{"cameraMode":{"drawMode":0,"name":"Shaded","section":"Shading Mode"},"sceneLighting":false,"audioPlay":false,"sceneViewState":{"showFog":true,"showMaterialUpdate":false,"showSkybox":false,"showFlares":true,"showImageEffects":true,"showParticleSystems":true,"showVisualEffectGraphs":true,"m_FxEnabled":true},"in2DMode":false,"pivot":{"x":1.3744227886199952,"y":-0.22576716542243958,"z":-0.2638060748577118},"rotation":{"x":-0.002538066590204835,"y":-0.722087562084198,"z":-0.0025571882724761965,"w":0.691878080368042},"size":1.1169153451919556,"orthographic":false}