{"cameraMode":{"drawMode":0,"name":"Shaded","section":"Shading Mode"},"sceneLighting":false,"audioPlay":false,"sceneViewState":{"showFog":true,"showMaterialUpdate":false,"showSkybox":false,"showFlares":true,"showImageEffects":true,"showParticleSystems":true,"showVisualEffectGraphs":true,"m_FxEnabled":true},"in2DMode":false,"pivot":{"x":3.802000045776367,"y":0.9868986010551453,"z":0.34529998898506167},"rotation":{"x":-0.07397191226482392,"y":-0.9139850735664368,"z":0.3502922058105469,"w":-0.19288206100463868},"size":0.05693045258522034,"orthographic":false}