{"cameraMode":{"drawMode":0,"name":"Shaded","section":"Shading Mode"},"sceneLighting":true,"audioPlay":false,"sceneViewState":{"showFog":true,"showMaterialUpdate":false,"showSkybox":true,"showFlares":true,"showImageEffects":true,"showParticleSystems":true,"showVisualEffectGraphs":true,"m_FxEnabled":true},"in2DMode":false,"pivot":{"x":11.688257217407227,"y":-10.867110252380371,"z":19.007402420043947},"rotation":{"x":0.25844883918762209,"y":0.2113702893257141,"z":-0.05737436190247536,"w":0.9410200715065002},"size":12.12435531616211,"orthographic":false}