{"cameraMode":{"drawMode":0,"name":"Shaded","section":"Shading Mode"},"sceneLighting":true,"audioPlay":false,"sceneViewState":{"showFog":true,"showMaterialUpdate":false,"showSkybox":true,"showFlares":true,"showImageEffects":true,"showParticleSystems":true,"showVisualEffectGraphs":true,"m_FxEnabled":true},"in2DMode":false,"pivot":{"x":2.9329745769500734,"y":1.2650009393692017,"z":-0.7089077234268189},"rotation":{"x":0.06628813594579697,"y":0.25787287950515749,"z":-0.01671786978840828,"w":0.9639869332313538},"size":0.15346747636795045,"orthographic":false}