{"cameraMode":{"drawMode":0,"name":"Shaded","section":"Shading Mode"},"sceneLighting":true,"audioPlay":false,"sceneViewState":{"showFog":true,"showMaterialUpdate":false,"showSkybox":false,"showFlares":true,"showImageEffects":true,"showParticleSystems":true,"showVisualEffectGraphs":true,"m_FxEnabled":true},"in2DMode":false,"pivot":{"x":3.2839999198913576,"y":0.8951871395111084,"z":3.172999858856201},"rotation":{"x":-0.09587758034467697,"y":-0.7379897236824036,"z":0.10600331425666809,"w":-0.6597573757171631},"size":0.20158495008945466,"orthographic":false}