{"cameraMode":{"drawMode":0,"name":"Shaded","section":"Shading Mode"},"sceneLighting":false,"audioPlay":false,"sceneViewState":{"showFog":true,"showMaterialUpdate":false,"showSkybox":false,"showFlares":true,"showImageEffects":true,"showParticleSystems":true,"showVisualEffectGraphs":true,"m_FxEnabled":true},"in2DMode":false,"pivot":{"x":-0.3220866918563843,"y":-0.11540166288614273,"z":0.07182428985834122},"rotation":{"x":-0.13881753385066987,"y":0.5794457793235779,"z":-0.10095646977424622,"w":-0.796737015247345},"size":0.3630487024784088,"orthographic":false}